year,kharif_temp,rabi_temp,summer_temp,year_temp,kharif_rainfall,rabi_rainfall,summer_rainfall,year_rainfall,kharif_humidity,rabi_humidity,summer_humidity,year_humidity,kharif_solar,rabi_solar,summer_solar,year_solar,kharif_soil,rabi_soil,summer_soil,year_soil
2000,28.0748125,21.078116666666666,30.24577777777778,25.702263888888886,207.54693749999998,11.499474999999999,37.25502777777778,83.28751736111111,80.25152083333334,50.03058333333333,36.879472222222226,56.81645138888889,16.75975,17.104125,23.256958333333333,18.527541666666668,0.6628508771929824,0.5135000000000001,0.4359649122807018,0.5438998538011696
2001,27.757822916666665,21.042416666666668,30.600416666666668,25.670385416666665,268.5060729166667,24.481691666666666,45.58761111111111,111.09963194444444,82.85510416666666,54.51569166666666,38.08913888888889,59.855524305555555,16.215625,16.1673,22.541541666666667,17.77696875,0.7493201754385965,0.5664473684210527,0.4316812865497076,0.5937134502923977
2002,28.700625,20.992258333333332,30.918819444444445,26.043354166666667,217.3303958333333,19.614158333333332,34.95344444444444,89.35439236111111,76.81451041666666,57.50516666666667,36.95041666666667,58.80292708333333,16.85103125,16.257275,22.979125,18.13565625,0.6531688596491229,0.5441842105263158,0.4332456140350877,0.5527777777777778
2003,28.79416666666667,20.442116666666667,30.660555555555558,25.780743055555554,258.74022916666667,49.059083333333334,27.759680555555555,113.62794791666667,78.65130208333333,64.30628333333333,36.28220833333333,62.081937499999995,16.423750000000002,15.508175,22.99175,17.684260416666667,0.688530701754386,0.6170526315789473,0.43222222222222223,0.5946710526315789
2004,28.184906249999997,20.185625,31.017777777777777,25.560090277777775,238.017125,23.819174999999998,32.26872222222222,97.33087847222221,80.17620833333334,62.055283333333335,38.82486111111111,62.28798611111111,17.03321875,16.204349999999998,23.054125,18.193083333333334,0.696469298245614,0.5847543859649124,0.43703216374269005,0.585062134502924
2005,29.00257291666667,20.515150000000002,30.61959722222222,25.870402777777777,261.91782291666664,40.10231666666667,28.767222222222223,111.20704513888889,76.634125,62.266925,38.413041666666665,61.09252083333333,16.8495,15.804825,22.83175,17.90978125,0.6953399122807017,0.5903333333333334,0.43317251461988304,0.586045321637427
2006,28.13528125,21.598791666666667,30.094833333333334,25.901631944444443,272.5514583333333,8.570008333333334,49.60134722222222,106.82165972222222,80.20716666666667,57.299391666666665,43.320055555555555,61.44048263888889,16.47090625,16.4757,22.134083333333333,17.888697916666665,0.7119078947368421,0.5647280701754387,0.4395175438596491,0.582485380116959
2007,28.42828125,20.447041666666667,30.239680555555555,25.555614583333334,293.2675416666667,22.83395,30.09230555555556,114.79306944444444,80.01508333333332,61.50405833333333,41.17988888888889,62.59335763888888,16.277437499999998,16.0113,22.9065,17.8238125,0.7276864035087719,0.5963771929824561,0.43836257309941523,0.6006432748538011
2008,27.50696875,20.45445833333333,30.353055555555557,25.279944444444443,301.6983020833333,15.155750000000001,35.116569444444444,115.6601388888889,84.30045833333334,63.514925,39.45284722222222,64.42791666666668,15.968062499999998,15.676175,22.598625000000002,17.504083333333334,0.7931688596491228,0.5879649122807018,0.4411111111111111,0.6196527777777778
2009,29.252739583333334,21.222833333333334,30.709319444444443,26.271090277777777,223.81696875,26.886941666666665,34.96955555555555,94.55093749999999,74.94608333333333,60.38669166666667,34.96027777777778,58.88321875,17.52878125,15.909299999999998,22.80045833333333,18.171916666666668,0.6648684210526316,0.5630438596491227,0.42837719298245613,0.5633187134502924
2010,29.030385416666665,21.0482,31.901958333333333,26.422368055555555,231.60810416666666,29.480191666666666,31.717430555555556,97.41547222222222,76.69183333333334,62.209133333333334,35.19480555555556,60.283118055555555,17.580375,15.130725000000002,22.8825,17.88521875,0.6616228070175438,0.5675263157894737,0.43010233918128654,0.5645358187134503
2011,28.04328125,20.42553333333333,30.14086111111111,25.39361458333333,307.2979270833333,7.940658333333333,48.179625,117.78615624999999,81.86842708333333,61.58845833333333,41.103625,63.227239583333336,16.111406249999998,15.82475,22.3505,17.551739583333333,0.7602631578947369,0.5778508771929824,0.4390497076023392,0.6039546783625732
2012,28.784947916666667,19.849591666666665,30.593694444444445,25.514069444444445,273.3966979166667,24.578083333333332,23.90990277777778,107.35057638888888,77.49208333333333,63.512575,34.84520833333333,61.00556944444444,16.15571875,15.654599999999999,23.2605,17.723114583333334,0.715811403508772,0.5881754385964912,0.4307602339181287,0.5913669590643276
2013,27.994364583333333,20.002258333333334,30.34711111111111,25.252506944444445,275.52095833333334,61.91274166666666,44.164861111111115,128.67851041666665,81.93207291666666,66.56025,38.87343055555555,64.7624861111111,16.231375,14.95195,22.531666666666666,17.273354166666667,0.7305263157894737,0.6386140350877194,0.4361549707602339,0.6186366959064328
2014,29.138114583333333,20.03194166666667,29.97843055555556,25.55395486111111,237.89146875,28.915275,40.818250000000006,101.54974999999999,76.08265625,63.77511666666667,42.08411111111111,62.45487847222223,16.9840625,14.928774999999998,22.678791666666665,17.551375,0.6877521929824562,0.5843947368421052,0.4527777777777778,0.5859429824561403
2015,28.666125,21.464083333333335,29.712444444444444,25.926854166666665,255.75404166666667,15.8379,48.70915277777778,104.02776041666667,77.77829166666668,58.67823333333333,45.27625,61.69442361111111,17.25459375,14.9446,21.718916666666665,17.408177083333335,0.701359649122807,0.5349649122807018,0.4478070175438596,0.568640350877193